close,low,volume,open,high
193.4199981689453,190.17999267578125,66628400,190.2100067138672,194.39999389648438
