close,low,volume,open,high
192.32000732421875,192.11000061035156,41060000,194.4499969482422,194.75999450683594
