close,low,volume,open,high
318.2900085449219,315.3900146484375,16952100,318.9800109863281,321.8800048828125
